SNP,chr_name,chrom_start,GENPOS,ALLELE1,ALLELE0,A1FREQ,A2FREQ,maf,INFO,ncase,ncontrol,beta,se,pval
rs182177934,2,153144132,1.72362,A,G,0.995277,0.004723,0.004723,0.932874,593,372016,-2.40652965,0.438911838,4.20E-08
rs139602108,3,4361825,0.112611,A,T,0.989606,0.010394,0.010394,0.917366,593,372016,-1.831369158,0.299456029,9.60E-10
rs527398109,3,115955695,1.27898,T,C,0.998896,0.001104,0.001104,0.911803,593,372016,-5.282457978,0.915838769,8.00E-09
rs553312575,3,126906368,1.40265,C,T,0.998941,0.001059,0.001059,0.946297,593,372016,-5.316681884,0.918255463,7.00E-09
rs544448386,3,126911057,1.40267,G,T,0.99889,0.00111,0.00111,0.958463,593,372016,-5.024186436,0.891634072,1.80E-08
rs556260089,4,164161534,1.72413,G,A,0.998809,0.001191,0.001191,0.931202,593,372016,-6.070532953,0.873288598,3.60E-12
rs551361289,5,147296068,1.56055,G,C,0.998936,0.001064,0.001064,0.917997,593,372016,-5.440745116,0.927525748,4.50E-09
rs189047521,6,15169300,0.331961,G,A,0.998066,0.001934,0.001934,0.916062,593,372016,-4.511494956,0.691035916,6.60E-11
rs187453847,6,15220102,0.332117,G,T,0.997554,0.002446,0.002446,0.931298,593,372016,-3.612321304,0.610683371,3.30E-09
rs528426198,6,15221443,0.332122,C,A,0.99803,0.00197,0.00197,0.953374,593,372016,-4.324018691,0.671312171,1.20E-10
rs576659597,6,15270266,0.332285,A,C,0.998027,0.001973,0.001973,0.942628,593,372016,-4.161005155,0.675037907,7.10E-10
rs143094094,6,129788502,1.34987,G,C,0.986941,0.013059,0.013059,0.874447,593,372016,-1.594249978,0.273538249,5.60E-09
rs536079648,7,36771581,0.594724,T,C,0.998058,0.001942,0.001942,0.907971,593,372016,-4.145529505,0.692942838,2.20E-09
rs191967051,7,67460369,0.846579,C,T,0.997813,0.002187,0.002187,0.913317,593,372016,-3.607519384,0.650537417,2.90E-08
rs757302085,8,24644868,0.55376,T,C,0.998972,0.001028,0.001028,0.914378,593,372016,-6.859193221,0.9484956,4.80E-13
rs145930729,8,36943811,0.675587,T,C,0.997342,0.002658,0.002658,0.923769,593,372016,-3.286583731,0.588129452,2.30E-08
rs537168369,8,75975506,1.00332,G,A,0.994217,0.005783,0.005783,0.835525,593,372016,-2.366308064,0.419612903,1.70E-08
rs143216295,8,123329895,1.38892,A,T,0.995136,0.004864,0.004864,0.901113,593,372016,-2.667765418,0.439561324,1.30E-09
rs181795419,8,125796957,1.44126,A,C,0.998592,0.001408,0.001408,0.90313,593,372016,-4.807621739,0.816477418,3.90E-09
11:81443011_TTTGA_T,11,81443011,0.910943,TTTGA,T,0.99837,0.00163,0.00163,0.918405,593,372016,-4.35373647,0.751377734,6.90E-09
rs201675393,12,461384,0.00832478,T,C,0.997944,0.002056,0.002056,1,593,372016,-3.519234546,0.641820957,4.20E-08
rs763009032,12,766427,0.0174577,T,C,0.998797,0.001203,0.001203,0.944812,593,372016,-4.743484956,0.863344911,3.90E-08
rs182770424,12,102689033,1.1988,G,A,0.996557,0.003443,0.003443,0.913861,593,372016,-2.962375473,0.519854081,1.20E-08
rs141481471,14,87697306,0.81694,G,A,0.993536,0.006464,0.006464,0.819119,593,372016,-2.332958951,0.400419698,5.70E-09
rs145224864,14,87857794,0.817639,C,T,0.993047,0.006953,0.006953,0.866063,593,372016,-2.535451443,0.376291152,1.60E-11
rs184314469,15,23780797,0.296066,G,T,0.99734,0.00266,0.00266,0.901605,593,372016,-3.362923558,0.593577082,1.50E-08
rs149403101,17,76234776,1.16077,G,A,0.997067,0.002933,0.002933,0.931652,593,372016,-3.614863867,0.556960397,8.60E-11
rs151247671,18,11884458,0.37275,G,A,0.998362,0.001638,0.001638,1,593,372016,-4.142200258,0.717921632,7.90E-09